{"mean": 1596.1975862068966, "std": 937.9476663187528}